{
	"name": "ajax-combobox",
	"title": "jquery.ajax-combobox", 
	"description": "jQuery plugin for creating a text box it can auto-complete and pull-down-select.",
	"version": "7.3.1",
	"keywords": [
		"suggest",
		"combobox",
		"input"
	],
	"author": {
		"name": "Yuusaku Miyazaki",
		"email": "toumin.m7@gmail.com",
		"url": "https://github.com/sutara79"
	},
	"licenses": [
		{
			"type": "MIT",
			"url": "http://opensource.org/licenses/MIT"
		}
	],
	"dependencies": {
		"jquery": ">=1.9"
	},
	"demo": "http://www.usamimi.info/~sutara/ajax-combobox/",
	"docs": "http://www.usamimi.info/~sutara/ajax-combobox/jsdoc",
	"bugs": "https://github.com/sutara79/jquery.ajax-combobox.js/issues"
}